original_Product,bought_with,times_bought_together
iPhone,Apple Airpods Headphones,373
iPhone,AAA Batteries (4-pack),31
iPhone,Lightning Charging Cable,1015
iPhone,Wired Headphones,462
iPhone,34in Ultrawide Monitor,13
iPhone,AA Batteries (4-pack),32
iPhone,20in Monitor,3
iPhone,LG Washing Machine,2
iPhone,27in 4K Gaming Monitor,9
iPhone,Google Phone,9
iPhone,USB-C Charging Cable,29
LG Dryer,Vareebadd Phone,1
LG Dryer,27in FHD Monitor,3
20in Monitor,USB-C Charging Cable,25
20in Monitor,Lightning Charging Cable,26
20in Monitor,Wired Headphones,19
20in Monitor,AAA Batteries (4-pack),11
20in Monitor,ThinkPad Laptop,2
20in Monitor,27in 4K Gaming Monitor,2
20in Monitor,Bose SoundSport Headphones,15
20in Monitor,iPhone,3
20in Monitor,Apple Airpods Headphones,13
Google Phone,USB-C Charging Cable,999
Google Phone,Bose SoundSport Headphones,228
Google Phone,AAA Batteries (4-pack),22
Google Phone,ThinkPad Laptop,6
Google Phone,Wired Headphones,423
Google Phone,AA Batteries (4-pack),25
Google Phone,Lightning Charging Cable,28
Google Phone,Apple Airpods Headphones,21
Google Phone,iPhone,9
Google Phone,Macbook Pro Laptop,7
Flatscreen TV,Lightning Charging Cable,22
Flatscreen TV,Macbook Pro Laptop,5
Flatscreen TV,Apple Airpods Headphones,13
Flatscreen TV,Wired Headphones,11
Flatscreen TV,AAA Batteries (4-pack),21
Flatscreen TV,AA Batteries (4-pack),21
Flatscreen TV,Bose SoundSport Headphones,13
Flatscreen TV,USB-C Charging Cable,17
ThinkPad Laptop,USB-C Charging Cable,20
ThinkPad Laptop,Google Phone,6
ThinkPad Laptop,Apple Airpods Headphones,16
ThinkPad Laptop,34in Ultrawide Monitor,4
ThinkPad Laptop,Lightning Charging Cable,20
ThinkPad Laptop,20in Monitor,2
ThinkPad Laptop,AAA Batteries (4-pack),27
ThinkPad Laptop,AA Batteries (4-pack),17
ThinkPad Laptop,27in 4K Gaming Monitor,5
ThinkPad Laptop,Bose SoundSport Headphones,13
ThinkPad Laptop,Wired Headphones,14
Vareebadd Phone,USB-C Charging Cable,368
Vareebadd Phone,Wired Headphones,149
Vareebadd Phone,Bose SoundSport Headphones,82
Vareebadd Phone,LG Dryer,1
Vareebadd Phone,Apple Airpods Headphones,12
Vareebadd Phone,AA Batteries (4-pack),12
Vareebadd Phone,Lightning Charging Cable,4
27in FHD Monitor,AAA Batteries (4-pack),43
27in FHD Monitor,Bose SoundSport Headphones,26
27in FHD Monitor,AA Batteries (4-pack),26
27in FHD Monitor,USB-C Charging Cable,43
27in FHD Monitor,Apple Airpods Headphones,24
27in FHD Monitor,Lightning Charging Cable,36
27in FHD Monitor,34in Ultrawide Monitor,10
27in FHD Monitor,Wired Headphones,22
27in FHD Monitor,LG Dryer,3
27in FHD Monitor,Macbook Pro Laptop,9
Wired Headphones,iPhone,462
Wired Headphones,Vareebadd Phone,149
Wired Headphones,20in Monitor,19
Wired Headphones,Macbook Pro Laptop,20
Wired Headphones,Lightning Charging Cable,129
Wired Headphones,Bose SoundSport Headphones,74
Wired Headphones,USB-C Charging Cable,205
Wired Headphones,Apple Airpods Headphones,100
Wired Headphones,Google Phone,423
Wired Headphones,Flatscreen TV,11
Wired Headphones,AAA Batteries (4-pack),86
Wired Headphones,34in Ultrawide Monitor,28
Wired Headphones,AA Batteries (4-pack),83
Wired Headphones,27in FHD Monitor,22
Wired Headphones,27in 4K Gaming Monitor,29
Wired Headphones,ThinkPad Laptop,14
LG Washing Machine,Lightning Charging Cable,6
LG Washing Machine,iPhone,2
LG Washing Machine,AAA Batteries (4-pack),4
LG Washing Machine,AA Batteries (4-pack),1
Macbook Pro Laptop,Wired Headphones,20
Macbook Pro Laptop,USB-C Charging Cable,21
Macbook Pro Laptop,Flatscreen TV,5
Macbook Pro Laptop,Lightning Charging Cable,21
Macbook Pro Laptop,AA Batteries (4-pack),17
Macbook Pro Laptop,AAA Batteries (4-pack),18
Macbook Pro Laptop,27in FHD Monitor,9
Macbook Pro Laptop,Google Phone,7
USB-C Charging Cable,Vareebadd Phone,368
USB-C Charging Cable,Google Phone,999
USB-C Charging Cable,Lightning Charging Cable,100
USB-C Charging Cable,20in Monitor,25
USB-C Charging Cable,ThinkPad Laptop,20
USB-C Charging Cable,AA Batteries (4-pack),75
USB-C Charging Cable,AAA Batteries (4-pack),95
USB-C Charging Cable,27in FHD Monitor,43
USB-C Charging Cable,Wired Headphones,205
USB-C Charging Cable,Macbook Pro Laptop,21
USB-C Charging Cable,Bose SoundSport Headphones,102
USB-C Charging Cable,34in Ultrawide Monitor,26
USB-C Charging Cable,Apple Airpods Headphones,63
USB-C Charging Cable,Flatscreen TV,17
USB-C Charging Cable,iPhone,29
AA Batteries (4-pack),AAA Batteries (4-pack),87
AA Batteries (4-pack),Apple Airpods Headphones,70
AA Batteries (4-pack),USB-C Charging Cable,75
AA Batteries (4-pack),27in FHD Monitor,26
AA Batteries (4-pack),Lightning Charging Cable,106
AA Batteries (4-pack),Google Phone,25
AA Batteries (4-pack),Wired Headphones,83
AA Batteries (4-pack),Macbook Pro Laptop,17
AA Batteries (4-pack),Flatscreen TV,21
AA Batteries (4-pack),iPhone,32
AA Batteries (4-pack),27in 4K Gaming Monitor,26
AA Batteries (4-pack),Bose SoundSport Headphones,55
AA Batteries (4-pack),Vareebadd Phone,12
AA Batteries (4-pack),ThinkPad Laptop,17
AA Batteries (4-pack),34in Ultrawide Monitor,32
27in 4K Gaming Monitor,34in Ultrawide Monitor,6
27in 4K Gaming Monitor,Lightning Charging Cable,34
27in 4K Gaming Monitor,Apple Airpods Headphones,22
27in 4K Gaming Monitor,AAA Batteries (4-pack),30
27in 4K Gaming Monitor,AA Batteries (4-pack),26
27in 4K Gaming Monitor,USB-C Charging Cable,23
27in 4K Gaming Monitor,Wired Headphones,29
27in 4K Gaming Monitor,20in Monitor,2
27in 4K Gaming Monitor,iPhone,9
27in 4K Gaming Monitor,ThinkPad Laptop,5
27in 4K Gaming Monitor,Bose SoundSport Headphones,19
34in Ultrawide Monitor,27in 4K Gaming Monitor,6
34in Ultrawide Monitor,ThinkPad Laptop,4
34in Ultrawide Monitor,USB-C Charging Cable,26
34in Ultrawide Monitor,iPhone,13
34in Ultrawide Monitor,AAA Batteries (4-pack),25
34in Ultrawide Monitor,Wired Headphones,28
34in Ultrawide Monitor,27in FHD Monitor,10
34in Ultrawide Monitor,AA Batteries (4-pack),32
34in Ultrawide Monitor,Apple Airpods Headphones,14
34in Ultrawide Monitor,Lightning Charging Cable,33
34in Ultrawide Monitor,Bose SoundSport Headphones,17
AAA Batteries (4-pack),iPhone,31
AAA Batteries (4-pack),27in FHD Monitor,43
AAA Batteries (4-pack),Google Phone,22
AAA Batteries (4-pack),AA Batteries (4-pack),87
AAA Batteries (4-pack),Bose SoundSport Headphones,57
AAA Batteries (4-pack),Apple Airpods Headphones,81
AAA Batteries (4-pack),USB-C Charging Cable,95
AAA Batteries (4-pack),Wired Headphones,86
AAA Batteries (4-pack),34in Ultrawide Monitor,25
AAA Batteries (4-pack),Macbook Pro Laptop,18
AAA Batteries (4-pack),27in 4K Gaming Monitor,30
AAA Batteries (4-pack),Lightning Charging Cable,80
AAA Batteries (4-pack),Flatscreen TV,21
AAA Batteries (4-pack),LG Washing Machine,4
AAA Batteries (4-pack),ThinkPad Laptop,27
Apple Airpods Headphones,iPhone,373
Apple Airpods Headphones,AAA Batteries (4-pack),81
Apple Airpods Headphones,AA Batteries (4-pack),70
Apple Airpods Headphones,Lightning Charging Cable,116
Apple Airpods Headphones,Wired Headphones,100
Apple Airpods Headphones,Bose SoundSport Headphones,50
Apple Airpods Headphones,Flatscreen TV,13
Apple Airpods Headphones,ThinkPad Laptop,16
Apple Airpods Headphones,27in FHD Monitor,24
Apple Airpods Headphones,27in 4K Gaming Monitor,22
Apple Airpods Headphones,USB-C Charging Cable,63
Apple Airpods Headphones,Vareebadd Phone,12
Apple Airpods Headphones,34in Ultrawide Monitor,14
Apple Airpods Headphones,20in Monitor,13
Apple Airpods Headphones,Google Phone,21
Lightning Charging Cable,USB-C Charging Cable,100
Lightning Charging Cable,Flatscreen TV,22
Lightning Charging Cable,iPhone,1015
Lightning Charging Cable,20in Monitor,26
Lightning Charging Cable,Apple Airpods Headphones,116
Lightning Charging Cable,Wired Headphones,129
Lightning Charging Cable,AA Batteries (4-pack),106
Lightning Charging Cable,AAA Batteries (4-pack),80
Lightning Charging Cable,ThinkPad Laptop,20
Lightning Charging Cable,Macbook Pro Laptop,21
Lightning Charging Cable,27in 4K Gaming Monitor,34
Lightning Charging Cable,Bose SoundSport Headphones,72
Lightning Charging Cable,Google Phone,28
Lightning Charging Cable,27in FHD Monitor,36
Lightning Charging Cable,34in Ultrawide Monitor,33
Bose SoundSport Headphones,Google Phone,228
Bose SoundSport Headphones,AAA Batteries (4-pack),57
Bose SoundSport Headphones,27in FHD Monitor,26
Bose SoundSport Headphones,Vareebadd Phone,82
Bose SoundSport Headphones,Wired Headphones,74
Bose SoundSport Headphones,Apple Airpods Headphones,50
Bose SoundSport Headphones,USB-C Charging Cable,102
Bose SoundSport Headphones,AA Batteries (4-pack),55
Bose SoundSport Headphones,Lightning Charging Cable,72
Bose SoundSport Headphones,20in Monitor,15
Bose SoundSport Headphones,Flatscreen TV,13
Bose SoundSport Headphones,ThinkPad Laptop,13
Bose SoundSport Headphones,27in 4K Gaming Monitor,19
Bose SoundSport Headphones,34in Ultrawide Monitor,17
USB-C Charging Cable,27in 4K Gaming Monitor,23
AA Batteries (4-pack),LG Washing Machine,1
Lightning Charging Cable,LG Washing Machine,6
Lightning Charging Cable,Vareebadd Phone,4
AAA Batteries (4-pack),20in Monitor,11
LG Dryer,Wired Headphones,1
ThinkPad Laptop,27in FHD Monitor,6
27in FHD Monitor,ThinkPad Laptop,6
27in FHD Monitor,27in 4K Gaming Monitor,8
Wired Headphones,LG Dryer,1
Macbook Pro Laptop,Apple Airpods Headphones,19
27in 4K Gaming Monitor,27in FHD Monitor,8
Apple Airpods Headphones,Macbook Pro Laptop,19
iPhone,Vareebadd Phone,7
iPhone,Flatscreen TV,10
iPhone,ThinkPad Laptop,7
iPhone,Bose SoundSport Headphones,12
LG Dryer,AA Batteries (4-pack),6
LG Dryer,Flatscreen TV,1
LG Dryer,Google Phone,1
LG Dryer,ThinkPad Laptop,1
20in Monitor,Macbook Pro Laptop,6
20in Monitor,AA Batteries (4-pack),16
20in Monitor,Google Phone,4
Google Phone,Vareebadd Phone,5
Google Phone,27in FHD Monitor,8
Google Phone,LG Dryer,1
Google Phone,20in Monitor,4
Flatscreen TV,iPhone,10
Flatscreen TV,34in Ultrawide Monitor,8
Flatscreen TV,LG Dryer,1
Flatscreen TV,27in 4K Gaming Monitor,5
ThinkPad Laptop,iPhone,7
ThinkPad Laptop,LG Dryer,1
Vareebadd Phone,iPhone,7
Vareebadd Phone,34in Ultrawide Monitor,4
Vareebadd Phone,Google Phone,5
Vareebadd Phone,AAA Batteries (4-pack),6
Vareebadd Phone,27in FHD Monitor,2
27in FHD Monitor,Google Phone,8
LG Washing Machine,Bose SoundSport Headphones,2
Macbook Pro Laptop,34in Ultrawide Monitor,7
Macbook Pro Laptop,20in Monitor,6
Macbook Pro Laptop,27in 4K Gaming Monitor,13
Macbook Pro Laptop,Bose SoundSport Headphones,15
AA Batteries (4-pack),LG Dryer,6
AA Batteries (4-pack),20in Monitor,16
27in 4K Gaming Monitor,Macbook Pro Laptop,13
27in 4K Gaming Monitor,Flatscreen TV,5
34in Ultrawide Monitor,Macbook Pro Laptop,7
34in Ultrawide Monitor,Flatscreen TV,8
34in Ultrawide Monitor,Vareebadd Phone,4
Bose SoundSport Headphones,LG Washing Machine,2
Bose SoundSport Headphones,Macbook Pro Laptop,15
Bose SoundSport Headphones,iPhone,12
27in FHD Monitor,Vareebadd Phone,2
AAA Batteries (4-pack),Vareebadd Phone,6
iPhone,Macbook Pro Laptop,6
LG Dryer,27in 4K Gaming Monitor,2
Flatscreen TV,ThinkPad Laptop,6
Flatscreen TV,27in FHD Monitor,6
ThinkPad Laptop,Macbook Pro Laptop,5
ThinkPad Laptop,Flatscreen TV,6
27in FHD Monitor,Flatscreen TV,6
Macbook Pro Laptop,ThinkPad Laptop,5
Macbook Pro Laptop,iPhone,6
27in 4K Gaming Monitor,LG Dryer,2
LG Dryer,Apple Airpods Headphones,3
LG Dryer,AAA Batteries (4-pack),2
20in Monitor,27in FHD Monitor,5
Google Phone,34in Ultrawide Monitor,5
Google Phone,27in 4K Gaming Monitor,6
27in FHD Monitor,20in Monitor,5
27in 4K Gaming Monitor,Google Phone,6
34in Ultrawide Monitor,Google Phone,5
AAA Batteries (4-pack),LG Dryer,2
Apple Airpods Headphones,LG Dryer,3
iPhone,27in FHD Monitor,2
LG Dryer,USB-C Charging Cable,1
20in Monitor,Flatscreen TV,2
20in Monitor,LG Washing Machine,2
Google Phone,LG Washing Machine,1
Flatscreen TV,20in Monitor,2
ThinkPad Laptop,Vareebadd Phone,3
Vareebadd Phone,ThinkPad Laptop,3
27in FHD Monitor,iPhone,2
Wired Headphones,LG Washing Machine,4
LG Washing Machine,Google Phone,1
LG Washing Machine,Wired Headphones,4
LG Washing Machine,20in Monitor,2
LG Washing Machine,Macbook Pro Laptop,2
Macbook Pro Laptop,LG Washing Machine,2
USB-C Charging Cable,LG Dryer,1
LG Dryer,Lightning Charging Cable,3
Vareebadd Phone,27in 4K Gaming Monitor,3
LG Washing Machine,Apple Airpods Headphones,1
27in 4K Gaming Monitor,Vareebadd Phone,3
Apple Airpods Headphones,LG Washing Machine,1
Lightning Charging Cable,LG Dryer,3
20in Monitor,34in Ultrawide Monitor,2
Google Phone,Flatscreen TV,4
Flatscreen TV,Vareebadd Phone,3
Flatscreen TV,Google Phone,4
Vareebadd Phone,Flatscreen TV,3
LG Washing Machine,34in Ultrawide Monitor,1
34in Ultrawide Monitor,20in Monitor,2
34in Ultrawide Monitor,LG Washing Machine,1
LG Washing Machine,27in 4K Gaming Monitor,1
27in 4K Gaming Monitor,LG Washing Machine,1
LG Washing Machine,27in FHD Monitor,1
27in FHD Monitor,LG Washing Machine,1